<?xml version="1.0" encoding="UTF-8"?>
<project-private xmlns="http://www.netbeans.org/ns/project-private/1">
    <editor-bookmarks xmlns="http://www.netbeans.org/ns/editor-bookmarks/2" lastBookmarkId="0"/>
    <open-files xmlns="http://www.netbeans.org/ns/projectui-open-files/2">
        <group>
            <file>file:/C:/Users/Dude%20XPS/Dropbox/Animal%20Bowling/Animal%20Bowling/basic-framework/src/framework/Main.java</file>
            <file>file:/C:/Users/Dude%20XPS/Dropbox/Animal%20Bowling/Animal%20Bowling/basic-framework/src/framework/Animal.java</file>
        </group>
    </open-files>
</project-private>
