<?xml version="1.0" encoding="UTF-8"?>
<project-private xmlns="http://www.netbeans.org/ns/project-private/1">
    <editor-bookmarks xmlns="http://www.netbeans.org/ns/editor-bookmarks/2" lastBookmarkId="0"/>
    <open-files xmlns="http://www.netbeans.org/ns/projectui-open-files/2">
        <group>
            <file>file:/C:/Users/Dude%20XPS/Downloads/Documents/GitHub/Project-Giraffe/basic-framework/src/framework/Statistics.java</file>
            <file>file:/C:/Users/Dude%20XPS/Downloads/Documents/GitHub/Project-Giraffe/basic-framework/src/framework/GameLoop.java</file>
            <file>file:/C:/Users/Dude%20XPS/Downloads/Documents/GitHub/Project-Giraffe/basic-framework/src/framework/Obstacle.java</file>
            <file>file:/C:/Users/Dude%20XPS/Downloads/Documents/GitHub/Project-Giraffe/basic-framework/src/framework/Terrain.java</file>
            <file>file:/C:/Users/Dude%20XPS/Downloads/Documents/GitHub/Project-Giraffe/basic-framework/src/framework/MainMenu.java</file>
            <file>file:/C:/Users/Dude%20XPS/Downloads/Documents/GitHub/Project-Giraffe/basic-framework/src/framework/Mesh.java</file>
            <file>file:/C:/Users/Dude%20XPS/Downloads/Documents/GitHub/Project-Giraffe/basic-framework/src/framework/Sound.java</file>
            <file>file:/C:/Users/Dude%20XPS/Downloads/Documents/GitHub/Project-Giraffe/basic-framework/src/framework/Main.java</file>
        </group>
    </open-files>
</project-private>
